{"mean": [12.938800811767578, 12.988591194152832, 13.244832038879395, 13.862680435180664, 14.7064790725708, 15.299775123596191, 15.726243019104004, 15.94508171081543, 15.916708946228027, 15.687582015991211, 15.432083129882812, 15.231432914733887, 15.396599769592285, 15.638400077819824, 15.702994346618652, 15.661340713500977, 15.478520393371582, 15.23164176940918, 15.182072639465332, 14.884095191955566, 14.711827278137207, 15.015402793884277, 14.905643463134766, 15.045231819152832, 14.925450325012207, 14.975330352783203, 14.87348747253418, 14.963197708129883, 14.98363208770752, 15.058955192565918, 15.096282958984375, 15.094375610351562, 15.112299919128418, 15.191516876220703, 15.302176475524902, 15.428227424621582, 15.533143043518066, 15.578727722167969, 15.56805419921875, 15.437827110290527, 15.478804588317871, 15.343709945678711, 15.357370376586914, 15.345437049865723, 15.412012100219727, 15.51259708404541, 15.627836227416992, 15.757413864135742, 15.889988899230957, 16.01018714904785, 16.039024353027344, 16.04220962524414, 16.069263458251953, 16.128238677978516, 16.14411735534668, 16.140871047973633, 16.076749801635742, 16.005434036254883, 15.946797370910645, 15.788908004760742, 15.564730644226074, 15.35368824005127, 15.335693359375, 15.358283996582031, 15.396660804748535, 15.505507469177246, 15.599776268005371, 15.666227340698242, 15.739130973815918, 15.839079856872559, 15.90767765045166, 15.976412773132324, 16.069398880004883, 16.163944244384766, 16.25399398803711, 16.359010696411133, 16.392587661743164, 16.322538375854492, 15.964831352233887, 14.273122787475586], "istd": [0.5857372283935547, 0.47393351793289185, 0.3291758596897125, 0.31366732716560364, 0.29572954773902893, 0.2839944362640381, 0.2699243426322937, 0.25631827116012573, 0.24906931817531586, 0.2507646381855011, 0.25262007117271423, 0.24881905317306519, 0.24050644040107727, 0.2319818139076233, 0.2287517637014389, 0.22961534559726715, 0.23412123322486877, 0.23837532103061676, 0.24225571751594543, 0.245705246925354, 0.2486468255519867, 0.2503741979598999, 0.2520560622215271, 0.25565868616104126, 0.2602396011352539, 0.2659864127635956, 0.2694987654685974, 0.2708383798599243, 0.2705812156200409, 0.27020263671875, 0.2695167064666748, 0.2698247730731964, 0.2706040143966675, 0.27005061507225037, 0.2686089873313904, 0.267685204744339, 0.26790115237236023, 0.2693828046321869, 0.27162083983421326, 0.27526116371154785, 0.27963533997535706, 0.2842448353767395, 0.28956013917922974, 0.2930677533149719, 0.2944347858428955, 0.2943652868270874, 0.2942783534526825, 0.2945435047149658, 0.29378262162208557, 0.29268327355384827, 0.29193630814552307, 0.2916470468044281, 0.29180046916007996, 0.29169777035713196, 0.2933126986026764, 0.2952406108379364, 0.29788878560066223, 0.30231085419654846, 0.30767717957496643, 0.3153536915779114, 0.327008992433548, 0.3360931873321533, 0.339481920003891, 0.3398314118385315, 0.335785448551178, 0.3292880356311798, 0.3241945505142212, 0.3186858892440796, 0.31326478719711304, 0.3088471293449402, 0.30626237392425537, 0.3045082688331604, 0.30263471603393555, 0.3016193211078644, 0.3014691174030304, 0.3009141981601715, 0.3014009892940521, 0.3055201470851898, 0.31318199634552, 0.33205533027648926], "feature_method": "fbank"}